nct_id,col5
NCT00004984,"[['individuals', '>=', '3', 'years'], ['individuals', '<=', '45', 'years']]"
NCT00004984,"[['individuals', '>=', '3', 'years'], ['individuals', '<=', '20', 'years']]"
NCT00005665,"[['age', '=', '3', ''], ['age', '>', '25', '']]"
NCT00021788,"[['candidates must be between the ages', '>=', '18', ''], ['candidates must be between the ages', '<=', '65', '']]"
NCT00021788,"[['candidates must have had iddm', '>=', '5', 'years'], ['candidates must have had iddm', '>=', '6', 'months']]"
NCT00021788,"[['finding of blood glucose level', '<', '54', 'mg/dl']]"
NCT00021788,"[['candidates may have poor diabetes control despite intensive insulin therapy', '>', '8.0', '%']]"
NCT00021788,"[['clearance', '>', '60', 'ml/min']]"
NCT00021788,"[['body mass index (bmi)', '<', '26', '']]"
NCT00021788,"[['age', '=', '35', '']]"
NCT00021788,"[['presence of panel reactive antibodies', '>', '20', '%']]"
NCT00021788,"[['clearance', '<', '60', 'ml/min']]"
NCT00021788,"[['hba1c', '=', '12', '%']]"
NCT00021788,"[['hemoglobin', '<', '12.0', '']]"
NCT00021788,"[['psa', '>', '4', '']]"
NCT00021801,"[['candidates must be between the ages', '>=', '18', ''], ['candidates must be between the ages', '<=', '50', '']]"
NCT00021801,"[['candidates must have had insulin-dependent diabetes mellitus', '>=', '5', 'years'], ['candidates must have had insulin-dependent diabetes mellitus', '>=', '6', 'months']]"
NCT00021801,"[['finding of blood glucose level', '<', '54', 'mg/dl']]"
NCT00021801,"[['candidates may have poor diabetes control despite intensive insulin therapy', '>', '8.0', '%']]"
NCT00021801,"[['clearance', '>', '60', 'ml/min']]"
NCT00021801,"[['body mass index (bmi)', '<', '26', '']]"
NCT00021801,"[['age', '=', '35', '']]"
NCT00021801,"[['presence of panel reactive antibodies', '>', '20', '%']]"
NCT00021801,"[['clearance', '<', '60', 'ml/min']]"
NCT00021801,"[['hba1c', '>', '12', '%']]"
NCT00021801,"[['hemoglobin', '<', '12.0', '']]"
NCT00021801,"[['psa', '>', '4', '']]"
NCT00034255,"[['age', '>=', '18', 'years'], ['age', '<=', '70', 'years'], ['age', '>=', '30', 'years'], ['age', '<=', '70', 'years']]"
NCT00034255,"[['patients who have been on stable doses of insulin treatment', '=', '90', 'days']]"
NCT00034255,"[['patients who have received any investigational product', '<', '30', 'days']]"
NCT00042458,"[['hba1c value', '>=', '7.5', '%'], ['hba1c value', '<=', '9', '%']]"
NCT00042471,"[['hba1c value', '>=', '6', '%'], ['hba1c value', '<=', '12', '%']]"
NCT00042471,"[['body mass index procedure', '<=', '27', 'kg/m2'], ['body mass index procedure', '>=', '30', 'kg/m2'], ['body mass index procedure', '<=', '45', 'kg/m2']]"
NCT00042471,"[['consistent insulin regimen', '=', '2', 'months']]"
NCT00042601,"[['body mass index procedure', '>=', '20', 'kg/m2'], ['body mass index procedure', '<=', '25', 'kg/m2'], ['body mass index procedure', '>=', '30', 'kg/m2'], ['body mass index procedure', '<=', '40', 'kg/m2']]"
NCT00042601,"[['treated with insulin', '>=', '6', 'months']]"
NCT00042601,"[['hba1c value', '>=', '6.5', '%'], ['hba1c value', '<=', '10', '%']]"
NCT00042601,"[['body mass index procedure', '>=', '20', 'kg/m2'], ['body mass index procedure', '<=', '40', 'kg/m2']]"
NCT00046150,"[['age', '=', '18', '']]"
NCT00046150,"[['women are either not of childbearing potential', '>', '2', 'years']]"
NCT00046150,"[['age', '=', '40', '']]"
NCT00046150,"[['minimed programmable pump or disetronic pump type h tron plus v', '=', '100', 'or d'], ['minimed programmable pump or disetronic pump type h tron plus v', '>=', '3', 'months']]"
NCT00046150,"[['hba1c', '<', '8.5', '%']]"
NCT00046150,"[['defined by the application of focal or panretinal photocoagulation or vitrectomy', '<=', '6', 'months']]"
NCT00046150,"[['history of serious ketosis episode requiring hospitalization', '<=', '3', 'previous months']]"
NCT00046150,"[['history of abscess at the infusion site', '<=', '3', 'previous months']]"
NCT00046150,"[['serum creatinine level', '>', '177', 'micromol/l'], ['serum creatinine level', '>', '2.0', 'mg/dl']]"
NCT00063128,"[['old', '>=', '18', 'years']]"
NCT00063128,"[['type 1 diabetes', '>=', '2', 'years']]"
NCT00063128,"[['smoked', '>=', '1', 'year']]"
NCT00063128,"[['used an experimental drug', '<=', '30', 'last days']]"
NCT00071448,"[['hba1c', '<', '12', '%']]"
NCT00071448,"[['willing to administer', '>=', '3', '']]"
NCT00071448,"[['willing to perform self monitored blood glucose', '>=', '4', 'times/day']]"
NCT00095082,"[['type 1 diabetes', '>=', '12', 'months']]"
NCT00095082,"[['current treatment with basal-bolus insulin regimen', '>=', '3', 'months']]"
NCT00095082,"[['hba1c', '<=', '11.0', '%']]"
NCT00097292,"[['individuals', '>=', '1', 'years'], ['individuals', '<=', '45', 'years']]"
NCT00097292,"[['individuals', '>=', '1', 'years'], ['individuals', '<=', '20', 'years']]"
NCT00100178,"[['ages', '>=', '8', 'years'], ['ages', '<=', '45', 'years']]"
NCT00100178,"[['stimulated c-peptide levels', '>', '0.2', 'pmol/ml']]"
NCT00100178,"[['unless received insulin therapy', '>=', '7', 'days']]"
NCT00100178,"[['age', '=', '7.0', '%']]"
NCT00100178,"[['participants will also be expected to test their blood sugar', '>=', '3', 'times/day'], ['participants will also be expected to test their blood sugar', '>=', '4', 'times/day']]"
NCT00100178,"[['live vaccinations', '<=', '6', 'preceding weeks']]"
NCT00100178,"[['currently pregnant', '=', '3', 'months']]"
NCT00100178,"[['currently nursing', '<', '6', 'weeks']]"
NCT00105352,"[['age', '>', '12', 'years'], ['age', '<', '18', 'years']]"
NCT00105352,"[['age', '>=', '8', 'years'], ['age', '<=', '35', 'years']]"
NCT00105352,"[['body weight', '>', '30', 'kg']]"
NCT00105352,"[['duration of diabetes', '>=', '1', 'month'], ['duration of diabetes', '<=', '3', '* years']]"
NCT00105352,"[['willing to travel to a trialnet clinical center for a greater_equal of four separate visits that are spaced', '>=', '3', 'days'], ['willing to travel to a trialnet clinical center for a greater_equal of four separate visits that are spaced', '<=', '10', 'days']]"
NCT00105352,"[['febrile illness', '>', '3', 'days']]"
NCT00107107,"[['subject has completed the full dosing period in protocol', '>=', '137', ''], ['subject has completed the full dosing period in protocol', '<=', '150', '']]"
NCT00108004,"[['subject has a clinical diagnosis of type 1 diabetes mellitus requiring treatment with insulin for a greater_equal', '=', '6', 'months']]"
NCT00108004,"[['subject has a hba1c', '>=', '7.0', '%'], ['subject has a hba1c', '<=', '11.0', '%']]"
NCT00109434,"[['clinical diagnosis of type 1 diabetes', '>=', '18', 'months']]"
NCT00109434,"[['hba1c', '<', '10.0', '%']]"
NCT00109434,"[['age', '=', '10.0', 'years'], ['age', '<', '18.0', 'years']]"
NCT00109434,"[['weight', '>', '36.0', 'kg']]"
NCT00109434,"[['stable insulin regimen', '>=', '1', 'month']]"
NCT00109434,"[['use of pseudoephedrine', '=', '48', 'hours'], ['use of pseudoephedrine', '<=', '48', 'hours']]"
NCT00109434,"[['severe hypoglycemia resulting in seizure or loss of consciousness', '<=', '2', 'weeks'], ['severe hypoglycemia resulting in seizure or loss of consciousness', '<', '2', 'weeks']]"
NCT00117026,"[['type 1 diabetes', '>=', '15', 'years']]"
NCT00117026,"[['clearance', '<', '60', '']]"
NCT00117026,"[['supplementation with thiamine', '>', '2', 'mg/day']]"
NCT00117780,"[['type 1 diabetes', '>', '1', 'year']]"
NCT00117780,"[['hba1c', '=', '7.5', '%'], ['hba1c', '=', '10', '%']]"
NCT00118937,"[['hba1c', '>', '8.5', '%']]"
NCT00118937,"[['diabetes-duration', '>', '5', 'years']]"
NCT00118937,"[['age', '<', '35', 'years']]"
NCT00118937,"[['fasting c-peptide', '<', '300', 'pmol/l']]"
NCT00118937,"[['age', '>', '18', 'years']]"
NCT00118976,"[['diabetic nephropathy', '=', '2', ''], ['diabetic nephropathy', '=', '3', ''], ['diabetic nephropathy', '=', '24', 'hour'], ['diabetic nephropathy', '>', '300', 'mg'], ['diabetic nephropathy', '=', '24', 'hour'], ['diabetic nephropathy', '=', '27', '']]"
NCT00118976,"[['pressure', '>', '135', 'mmhg'], ['pressure', '=', '85', 'mm hg']]"
NCT00118976,"[['age', '>=', '18', 'years'], ['age', '<=', '70', 'years']]"
NCT00118976,"[['age', '<', '18', 'years'], ['age', '>', '70', 'years']]"
NCT00118976,"[['pressure', '>', '180', 'mm hg'], ['pressure', '>', '105', 'mm hg']]"
NCT00118976,"[['gfr', '<', '30', 'ml/min'], ['gfr', '=', '1.73', 'm']]"
NCT00118976,"[['serum potassium result', '>', '4.8', 'mmol/l']]"
NCT00118976,"[['chronic use of non steroid inflammatory drugs or aspirin', '>', '1', 'g/day']]"
NCT00119041,"[['a1c', '>', '7.0', '%']]"
NCT00119041,"[['glucose level - finding', '=', '3', ''], ['glucose level - finding', '>', '130', 'mg/dl']]"
NCT00119041,"[['referred to see a consultant and are seen during the active intervention phase', '=', '4', '']]"
NCT00119041,"[['primary care obtained at more than one site', '>', '1', ''], ['primary care obtained at more than one site', '<=', '6', 'last months'], ['primary care obtained at more than one site', '=', '2', '']]"
NCT00129259,"[['according to american diabetes association', '<', '8', 'weeks']]"
NCT00129259,"[['weigh', '>=', '25', 'kg']]"
NCT00129259,"[['insulin autoantibodies assessed', '<', '10', 'days']]"
NCT00129259,"[['participation in another investigational clinical trial', '<', '6', 'weeks']]"
NCT00130481,"[['type 2 diabetes mellitus', '>', '1', 'year']]"
NCT00130481,"[['age', '>=', '10', 'years'], ['age', '<=', '18', 'years']]"
NCT00131755,"[['age', '>=', '18', 'years'], ['age', '<=', '40', 'years']]"
NCT00131755,"[['c-peptide', '>', '0.2', 'nmol/l']]"
NCT00133809,"[['type 1 diabetes mellitus diagnosed', '>', '5', 'years']]"
NCT00133809,"[['body mass index (bmi)', '<=', '26', '']]"
NCT00133809,"[['age', '>=', '18', 'years'], ['age', '<=', '65', 'years']]"
NCT00133809,"[['checking and recording blood sugars', '>=', '3', 'times/day']]"
NCT00133809,"[['intensive insulin therapy', '>=', '3', 'times/day']]"
NCT00133809,"[['baseline hemoglobin', '<', '11.4', 'gm/dl']]"
NCT00133809,"[['men', '<', '12.9', 'gm/dl']]"
NCT00133809,"[['presence of hla panel reactive antibodies', '>', '20', '%']]"
NCT00133809,"[['evidence of insulin resistance', '>', '1.2', 'units/kg']]"
NCT00135915,"[['type 1 diabetes', '>', '5', 'years']]"
NCT00135915,"[['type i diabetes', '<', '5', 'years']]"
NCT00140543,"[['age', '>=', '18', 'years'], ['age', '<=', '55', 'years']]"
NCT00140543,"[['pregnancy test negative', '=', '3', 'years']]"
NCT00140543,"[['patient is known for active liver disease or has significant liver disease', '>', '3', 'times the upper limit of normal']]"
NCT00140543,"[['patient has been included in another clinical trial protocol for any investigational drug', '<', '4', 'weeks']]"
NCT00140543,"[['age', '>', '55', 'years']]"
NCT00141986,"[['hla genotypes that increase risk of type 1 diabetes', '=', '03', ''], ['hla genotypes that increase risk of type 1 diabetes', '=', '0501', ''], ['hla genotypes that increase risk of type 1 diabetes', '=', '0201', ''], ['hla genotypes that increase risk of type 1 diabetes', '=', '04', ''], ['hla genotypes that increase risk of type 1 diabetes', '=', '03011', ''], ['hla genotypes that increase risk of type 1 diabetes', '=', '0302', ''], ['hla genotypes that increase risk of type 1 diabetes', '=', '04', ''], ['hla genotypes that increase risk of type 1 diabetes', '=', '0403', ''], ['hla genotypes that increase risk of type 1 diabetes', '=', '03', ''], ['hla genotypes that increase risk of type 1 diabetes', '=', '0501', ''], ['hla genotypes that increase risk of type 1 diabetes', '=', '0201', ''], ['hla genotypes that increase risk of type 1 diabetes', '=', '04', ''], ['hla genotypes that increase risk of type 1 diabetes', '=', '03011', ''], ['hla genotypes that increase risk of type 1 diabetes', '=', '0302', ''], ['hla genotypes that increase risk of type 1 diabetes', '=', '04', ''], ['hla genotypes that increase risk of type 1 diabetes', '=', '0403', '']]"
NCT00142922,"[['aged', '>=', '18', ''], ['aged', '<=', '65', '']]"
NCT00142922,"[['aged', '>=', '25', 'years'], ['aged', '<=', '65', 'years']]"
NCT00142922,"[['renal disease', '>', '300', 'ug/mg']]"
NCT00142922,"[['hba1c levels', '<', '7.0', '%'], ['hba1c levels', '>=', '4.0', '%'], ['hba1c levels', '<=', '6.0', '%']]"
NCT00142922,"[['hba1c levels', '>', '14.0', '%']]"
NCT00142922,"[['diastole', '>', '160', 'mmhg'], ['diastole', '=', '90', 'mmhg']]"
NCT00142922,"[['patients with recent diagnosis', '=', '6', 'months']]"
NCT00143949,"[['type 1 diabetic', '>=', '2', 'yrs'], ['type 1 diabetic', '<=', '20', 'yrs']]"
NCT00143949,"[['type 1 dm onset prior', '=', '45', '']]"
NCT00143949,"[['body mass index procedure', '>=', '31', ''], ['body mass index procedure', '<=', '41', ''], ['body mass index procedure', '<', '26', '']]"
NCT00143949,"[['onset', '>=', '41', ''], ['onset', '<=', '45', '']]"
NCT00143949,"[['normoalbuminuric', '<', '20', 'ug/min'], ['normoalbuminuric', '=', '2', ''], ['normoalbuminuric', '=', '3', '']]"
NCT00143949,"[['type 1 dm duration longer', '=', '20', 'yrs']]"
NCT00143949,"[['hypertension', '>', '85', 'mmhg'], ['hypertension', '>', '135', 'mmhg']]"
NCT00143949,"[['reduced gfr', '<', '90', 'ml/min/1.73m2']]"
NCT00143949,"[['pregnancy or females planning pregnancy', '<', '2', 'years']]"
NCT00143949,"[['compliance', '>=', '85', '%']]"
NCT00145353,"[['age', '>=', '18', 'years'], ['age', '<=', '60', 'years']]"
NCT00145353,"[['body mass index procedure', '>=', '18', ''], ['body mass index procedure', '<=', '27.5', '']]"
NCT00145353,"[['s-creatinin', '<', '120', 'mol/l']]"
NCT00145353,"[['visus', '>', '0.3', '']]"
NCT00145379,"[['patients with type 1 diabetes mellitus treated with insulin', '=', '4', 'times daily']]"
NCT00145379,"[['age', '>=', '18', 'years'], ['age', '<=', '60', 'years']]"
NCT00145379,"[['c-peptide', '<', '300', 'pmol/l']]"
NCT00145379,"[['body mass index procedure', '>=', '25', '']]"
NCT00145379,"[['hba1c', '>=', '8', '%']]"
NCT00145379,"[['known kidney disease', '>', '100', '']]"
NCT00145379,"[['liver disease', '>', '50', '']]"
NCT00146484,"[['age', '>', '16', 'years'], ['age', '<', '16', 'years']]"
NCT00147342,"[['clinical diagnosis of type 1 diabetes', '>=', '18', 'months']]"
NCT00147342,"[['hba1c', '<', '10.0', '%']]"
NCT00147342,"[['age', '=', '8.0', 'years'], ['age', '<', '18.0', 'years']]"
NCT00147342,"[['weight', '>', '39.5', 'kg'], ['weight', '>', '46.0', 'kg']]"
NCT00147342,"[['stable insulin regimen', '>=', '1', 'month']]"
NCT00147342,"[['use of pseudoephedrine', '=', '48', 'hours'], ['use of pseudoephedrine', '<=', '48', 'hours']]"
NCT00147342,"[['severe hypoglycemia resulting in seizure or loss of consciousness', '<=', '2', 'weeks'], ['severe hypoglycemia resulting in seizure or loss of consciousness', '<', '2', 'weeks']]"
NCT00148538,"[['type 1 diabetes mellitus as defined', '=', '2003', '']]"
NCT00148538,"[['age', '>=', '16', 'years'], ['age', '<=', '45', 'years'], ['age', '>=', '0.066', ''], ['age', '<=', '0.090', '']]"
NCT00148538,"[['nurse and dietitian and follow intensive diabetes therapy including carbohydrate counting', '>=', '4', 'times/day'], ['nurse and dietitian and follow intensive diabetes therapy including carbohydrate counting', '>=', '1', ''], ['nurse and dietitian and follow intensive diabetes therapy including carbohydrate counting', '<=', '2', '']]"
NCT00148538,"[['participation', '<=', '4', 'previous months'], ['participation', '>', '2', 'times/week'], ['participation', '>=', '20', 'minutes']]"
NCT00148538,"[['hypoglycemia unawareness or severe hypoglycemia requiring assistance from another person', '<', '3', 'previous months']]"
NCT00148538,"[['body mass index (bmi)', '<=', '32', 'kg/m2']]"
NCT00148538,"[['fasting serum c-peptide', '<', '0.2', 'nmol/l']]"
NCT00148538,"[['body weight', '=', '5', '%']]"
NCT00148538,"[['expected requirement within the subsequent', '=', '6', 'months']]"
NCT00148538,"[['age', '<', '18', 'yr'], ['age', '=', '1', 'cm']]"
NCT00148538,"[['serum creatinine level', '>', '200', '']]"
NCT00148538,"[['proteinuria', '>', '1', 'g'], ['proteinuria', '=', '24', 'hours']]"
NCT00148538,"[['diastole', '>', '150', 'mm hg'], ['diastole', '>', '95', 'mm hg']]"
NCT00160732,"[['patients must have been diabetic for greater_equal five years and be aged', '>=', '18', 'years'], ['patients must have been diabetic for greater_equal five years and be aged', '<=', '58', 'years']]"
NCT00160732,"[['greater_equal one episode in the past two years in which hypoglycemia required the assistance of another person', '<', '50', 'mg/dl']]"
NCT00160732,"[['panel of reactive antibody', '>', '10', '%']]"
NCT00160732,"[['clearance', '<', '80', 'ml/min']]"
NCT00160732,"[['abnormal liver function tests', '>', '2', 'times the upper limit of normal']]"
NCT00160732,"[['evaluation of renal transplant candidates', '=', '1', ''], ['evaluation of renal transplant candidates', '=', '2', ''], ['evaluation of renal transplant candidates', '>=', '12', ''], ['evaluation of renal transplant candidates', '<=', '22', ''], ['evaluation of renal transplant candidates', '=', '2001', '']]"
NCT00160732,"[['body mass index procedure', '>', '28', '']]"
NCT00160732,"[['ejection fraction', '<', '30', '%']]"
NCT00160732,"[['myocardial infarction', '<', '6', 'past months']]"
NCT00175253,"[['participant must have had type 1 diabetes mellitus', '>', '5', 'years']]"
NCT00175253,"[['glucose level - finding', '>=', '1', ''], ['glucose level - finding', '<', '3.0', 'mmol/l'], ['glucose level - finding', '>=', '2', 'episodes'], ['glucose level - finding', '<', '12', 'months']]"
NCT00175253,"[['finding of blood glucose level', '>=', '2', ''], ['finding of blood glucose level', '>', '12', 'last months']]"
NCT00175253,"[['body mass index procedure', '>', '28', 'kg/m2']]"
NCT00175253,"[['clearance', '<', '65', 'ml/min/1.73 m2']]"
NCT00175253,"[['blood creatinine', '>', '150', 'mol/l']]"
NCT00175253,"[['albumin excretion rate measurement', '>', '300', 'mg'], ['albumin excretion rate measurement', '=', '24', 'h']]"
NCT00175253,"[['baseline hb', '<', '105', 'g/l'], ['baseline hb', '<', '10.5', 'g/dl'], ['baseline hb', '<', '130', 'g/l'], ['baseline hb', '<', '13', 'g/dl']]"
NCT00175253,"[['insulin requirement', '>', '1.0', 'u/kg']]"
NCT00175253,"[['hba1c', '>', '12', '%']]"
NCT00175253,"[['use of coumadin or other anticoagulant therapy', '>', '1.5', 'inr']]"
NCT00175266,"[['type 1 diabetes mellitus', '>', '5', 'years']]"
NCT00175266,"[['glucose level - finding', '<', '3.0', 'mmol/l']]"
NCT00175266,"[['body mass index procedure', '>', '28', 'kg/m2'], ['body weight', '>', '85', 'kg']]"
NCT00175266,"[['positive fasting c-peptide response on assessment', '=', '2', '']]"
NCT00175266,"[['clearance', '<', '80', 'ml/min/1.73 m2']]"
NCT00175266,"[['serum creatinine level', '>', '150', 'mol/l']]"
NCT00175266,"[['albumin excretion rate measurement', '>', '300', 'mg'], ['albumin excretion rate measurement', '=', '24', 'h']]"
NCT00175266,"[['baseline hb', '<', '105', 'g/l'], ['baseline hb', '<', '130', 'g/l']]"
NCT00175266,"[['insulin requirement', '>', '1.0', 'iu/kg']]"
NCT00175266,"[['hba1c', '>', '0.12', '']]"
NCT00175266,"[['fasting ldl cholesterol', '>', '3.4', 'mmol/l']]"
NCT00175266,"[['fasting triglycerides', '>', '2.3', 'mmol/l']]"
NCT00175266,"[['use of coumadin or other anticoagulant therapy', '>', '1.5', 'inr']]"
NCT00179777,"[['age', '<', '35', 'weeks']]"
NCT00179777,"[['infant', '>', '7', 'days']]"
NCT00179777,"[['age', '=', '8', 'days']]"
NCT00184639,"[['injection of insulin semilentemc at bedtime', '>=', '6', 'weeks']]"
NCT00184639,"[['body mass index procedure', '<=', '32', 'kg/m^2']]"
NCT00184639,"[['hba1c', '>', '5.5', '%'], ['hba1c', '<', '12.0', '%']]"
NCT00184665,"[['body mass index procedure', '=', '35.0', 'kg/m2']]"
NCT00184665,"[['hba1c', '=', '11.0', '%']]"
NCT00187564,"[['age', '=', '21', 'years']]"
NCT00187564,"[['subjects must have diabetes', '=', '1997', '']]"
NCT00187564,"[['plasma glucose result', '>=', '126', 'mg/dl']]"
NCT00187564,"[['subjects must have history of least one auto-antibody associated with t1d', '=', '512', '']]"
NCT00187564,"[['subjects must not have history of eye', '=', '2', '']]"
NCT00190502,"[['body mass index (bmi)', '<=', '32', 'kg/m2']]"
NCT00190502,"[['known diagnosis of diabetes', '<', '6', 'weeks']]"
NCT00190502,"[['insulin dose', '<=', '40', 'iu/day'], ['insulin dose', '=', '1', 'month']]"
NCT00190502,"[['c-peptide level', '>=', '0.3', 'pmol/ml'], ['c-peptide level', '=', '4', 'min']]"
NCT00190502,"[['following intravenous', '=', '1', 'ml']]"
NCT00190502,"[['granulocyte count', '>=', '2 x 10', '']]"
NCT00190502,"[['platelet count measurement', '>=', '120 x 10', '']]"
NCT00191581,"[['men and women who have had either type 1 or type 2 diabetes', '>=', '2', 'months'], ['men and women who have had either type 1 or type 2 diabetes', '>=', '18', ''], ['men and women who have had either type 1 or type 2 diabetes', '<=', '70', '']]"
NCT00191581,"[['treated with commercially available human insulin mix', '>=', '50', ''], ['treated with commercially available human insulin mix', '<=', '50', ''], ['treated with commercially available human insulin mix', '>=', '30', 'twice daily'], ['treated with commercially available human insulin mix', '<=', '70', 'twice daily'], ['treated with commercially available human insulin mix', '>=', '2', 'months']]"
NCT00191581,"[['hba1c', '>=', '1.1', 'times'], ['hba1c', '<=', '1.7', 'times'], ['hba1c', '<', '2', 'weeks']]"
NCT00191581,"[['glucosidase inhibitors and insulin-sensitivity enhancers', '<', '30', 'days']]"
NCT00191581,"[['receive a total daily dose of insulin', '>', '2', 'units/kg']]"
NCT00191581,"[['defined as requiring assistance of another person due to disabling hypoglycemia', '<', '6', 'months']]"
NCT00191581,"[['body mass index (bmi)', '>', '35', 'kg/m2']]"
NCT00198146,"[['ages', '>=', '2', 'years'], ['ages', '<=', '40', 'years']]"
NCT00198146,"[['enroll', '<', '3', 'months']]"
NCT00198146,"[['test positive for greater_equal one of the biochemical autoantibodies', '=', '65', '']]"
NCT00206258,"[['age', '>', '12', 'years'], ['age', '<', '19', 'years']]"
NCT00206258,"[['diabetes', '>=', '2', 'years'], ['diabetes', '<', '8', '%']]"
NCT00206258,"[['hemoglobin equal', '=', '12', 'g/dl']]"
NCT00206258,"[['weight', '>', '44', 'kg']]"
NCT00206258,"[['age', '>', '18', 'y'], ['age', '<', '12', 'y']]"
NCT00206258,"[['hemoglobin', '<', '12', 'g/dl'], ['hemoglobin', '<', '12', 'g/dl']]"
NCT00206258,"[['cygb gene', '>', '8.0', '%']]"
NCT00206258,"[['body mass index procedure', '>', '90', '%'], ['age', '<', '10', '%']]"
NCT00206258,"[['weight', '<', '44', 'kg']]"
NCT00206297,"[['age', '>=', '12', 'years'], ['age', '<=', '21', 'years']]"
NCT00206297,"[['diagnosed with diabetes', '>=', '2', 'years'], ['diagnosed with diabetes', '<', '8.5', '%']]"
NCT00206297,"[['hemoglobin equal', '>', '12', 'g/dl']]"
NCT00206297,"[['weight', '>', '44', 'kg']]"
NCT00206297,"[['age', '>', '22', 'years'], ['age', '<', '12', 'years']]"
NCT00206297,"[['hemoglobin', '<', '12', 'mg/dl']]"
NCT00206297,"[['cygb gene', '>=', '8.5', '%']]"
NCT00206297,"[['body mass index procedure', '>', '90', '%'], ['age', '<', '10', '%']]"
NCT00206297,"[['weight', '<', '44', 'kg']]"
NCT00206401,"[['age', '>', '6', 'years'], ['age', '<', '25', 'years'], ['age', '>=', '6', 'years']]"
NCT00206401,"[['patients newly diagnosed with t1dm', '<', '3', 'past months']]"
NCT00206401,"[['hgba1c', '<', '9.0', '%'], ['hgba1c', '=', '3', 'months']]"
NCT00206401,"[['age', '<', '6', 'years'], ['age', '>', '25', 'years']]"
NCT00206401,"[['hba1c level', '>', '9.0', '%'], ['hba1c level', '=', '3', 'months']]"
NCT00211510,"[['age', '>=', '12', 'years'], ['age', '<=', '80', 'years']]"
NCT00211510,"[['type 1 diabetes mellitus diagnosed', '>=', '1', 'year']]"
NCT00211510,"[['using insulin infusion pump', '<=', '6', 'past months']]"
NCT00211510,"[['performing', '>=', '4', '']]"
NCT00211536,"[['hba1c', '>=', '7.5', '%']]"
NCT00211536,"[['intensive insulin treatment', '>=', '3', 'months']]"
NCT00211536,"[['capability and willingness to perform self-monitoring of blood glucose greater_equal four times daily', '=', '9', 'months'], ['capability and willingness to perform self-monitoring of blood glucose greater_equal four times daily', '=', '7', 'times daily'], ['capability and willingness to perform self-monitoring of blood glucose greater_equal four times daily', '=', '3', 'months']]"
NCT00211536,"[['reside at or plan to travel to elevations', '>', '8000', '']]"
NCT00211536,"[['subject has previously enrolled in or participated in an investigational drug or device study', '<', '4', 'preceding weeks']]"
NCT00211536,"[['plans for activities which require them to go', '=', '25', '']]"
NCT00212329,"[['age', '>=', '8', 'years'], ['age', '<=', '35', 'years']]"
NCT00212329,"[['weigh', '>', '40', 'kg']]"
NCT00214214,"[['adult subjects ages', '>=', '18', ''], ['adult subjects ages', '<=', '35', ''], ['adult subjects ages', '<', '2', 'weeks'], ['adult subjects ages', '<', '12', 'weeks'], ['adult subjects ages', '<', '2', 'weeks']]"
NCT00214214,"[['age', '<', '18', 'years'], ['age', '>', '35', 'years']]"
NCT00214214,"[['platelet count measurement', '<', '100000', 'platelets'], ['platelet count measurement', '<', '3000', 'wbc/ml']]"
NCT00214253,"[['hgba1c', '>', '12', '%']]"
NCT00214253,"[['clearance', '<', '80', 'ml/minute'], ['clearance', '>', '0.3', 'gm'], ['clearance', '=', '24', '']]"
NCT00214253,"[['presence of panel reactive antibodies', '>', '20', '%']]"
NCT00223613,"[['age', '>', '15', 'years']]"
NCT00226902,"[['aged', '>=', '18', 'years'], ['aged', '<=', '80', 'years']]"
NCT00226902,"[['patients receiving either conventional haemodialysis', '>=', '3', 'x week'], ['patients receiving either conventional haemodialysis', '<=', '4', 'x week'], ['patients receiving either conventional haemodialysis', '>', '6', 'months'], ['patients receiving either conventional haemodialysis', '>', '6', 'months']]"
NCT00226902,"[['stable dialysis access', '>=', '3', 'months']]"
NCT00226902,"[['erythropoietin and iron therapy', '=', '2', 'months'], ['erythropoietin and iron therapy', '>=', '105', 'g/l'], ['erythropoietin and iron therapy', '<=', '135', 'g/l']]"
NCT00226902,"[['requiring dry weight or medication changes', '<', '4', 'weeks']]"
NCT00226902,"[['pre dialysis sbp', '>', '180', 'mmhg'], ['pre dialysis sbp', '>', '2', 'times'], ['pre dialysis sbp', '=', '2', 'week']]"
NCT00226902,"[['body weight', '>', '5', '%'], ['body weight', '>', '2', 'times'], ['body weight', '=', '2', 'week']]"
NCT00226902,"[['ischaemic or non ischaemic events requiring modification of therapy or admission to hospital', '<', '3', 'months']]"
NCT00226902,"[['planned operative procedures', '<', '6', 'months']]"
NCT00226902,"[['known hypo-responsiveness to ert', '>', '200', 'u/kg']]"
NCT00226902,"[['inadequate dialysis', '<', '65', '%'], ['inadequate dialysis', '<', '1.2', 'v']]"
NCT00226902,"[['participation in investigational study within last', '=', '3', 'months']]"
NCT00229658,"[['a1c', '<=', '9.0', '%'], ['a1c', '<', '3', 'months']]"
NCT00229658,"[['experienced recurrent patient-ascertained severe hypoglycemia requiring assistance', '<=', '6', 'past months']]"
NCT00229658,"[['treated with symlin', '<', '3', 'months']]"
NCT00239148,"[['clinical diagnosis type 1 diabetes requiring treatment with insulin for a greater_equal', '=', '1', 'year']]"
NCT00239148,"[['stable insulin regimen', '>=', '60', 'days']]"
NCT00239148,"[['finding of blood glucose level', '>=', '3', 'times/day']]"
NCT00239148,"[['episodes of severe hypoglycemia', '=', '60', 'days']]"
NCT00239148,"[['body mass index (bmi)', '>=', '19', 'kg/m2'], ['body mass index (bmi)', '<=', '30', 'kg/m2']]"
NCT00239148,"[['patient cannot live alone during the treatment phase', '<=', '1', 'month']]"
NCT00239148,"[['serum creatine', '>=', '2.0', 'mg/dl']]"
NCT00252720,"[['age', '>=', '18', 'years'], ['age', '<=', '55', 'years'], ['age', '=', '36', 'years'], ['age', '<', '1', 'year']]"
NCT00252720,"[['duration of diabetes', '>', '1', 'year'], ['duration of diabetes', '<', '20', 'years'], ['duration of diabetes', '=', '6', 'months']]"
NCT00252720,"[['patients with untreated resting mean sitting sbp', '<', '130', 'mmhg'], ['patients with untreated resting mean sitting sbp', '<', '85', 'mmhg'], ['patients with untreated resting mean sitting sbp', '>', '20', ''], ['patients with untreated resting mean sitting sbp', '>', '10', ''], ['patients with untreated resting mean sitting sbp', '<', '47', ''], ['patients with untreated resting mean sitting sbp', '<', '47', '']]"
NCT00252733,"[['age', '=', '36', 'years'], ['age', '<', '1', 'year']]"
NCT00252733,"[['duration of diabetes', '>', '1', 'year'], ['duration of diabetes', '<', '15', 'years'], ['duration of diabetes', '=', '6', 'months']]"
NCT00252733,"[['patients with untreated resting mean sitting sbp', '<', '130', 'mmhg'], ['patients with untreated resting mean sitting sbp', '<', '85', 'mmhg'], ['patients with untreated resting mean sitting sbp', '>=', '10', ''], ['patients with untreated resting mean sitting sbp', '<=', '10', '']]"
NCT00254501,"[['age', '>=', '18', '']]"
NCT00260234,"[['age', '>', '20', 'years']]"
NCT00260234,"[['diagnosed with insulin-dependent type i diabetes', '>=', '20', 'years']]"
NCT00260234,"[['body mass index procedure', '<', '28', 'kg/m2']]"
NCT00260234,"[['insulin requirement', '<=', '0.7', 'u/kg']]"
NCT00260234,"[['hba1c', '>=', '7.0', '%']]"
NCT00260234,"[['serum c-peptide concentration', '<=', '0.5', 'ng/ml']]"
NCT00260234,"[['serum c-peptide', '>', '0.5', 'ng/ml']]"
NCT00260234,"[['diastole', '>=', '100', 'mmhg'], ['diastole', '>=', '160', 'mmhg']]"
NCT00260234,"[['significant renal dysfunction as indicated by gfr', '<', '80', 'ml/min/1.73 m2'], ['significant renal dysfunction as indicated by gfr', '>', '500', 'g/ml']]"
NCT00260234,"[['significant liver dysfunction as indicated by alt or ast', '>', '3', 'x the upper limit of normal']]"
NCT00265473,"[['age', '>=', '18', 'years'], ['age', '<=', '65', 'years']]"
NCT00265473,"[['age', '<', '40', 'years'], ['age', '>', '5', 'years']]"
NCT00265473,"[['absent stimulated c-peptide', '<', '0.3', 'ng/ml']]"
NCT00265473,"[['management must be under the direction of an endocrinologist', '>=', '3', ''], ['management must be under the direction of an endocrinologist', '<=', '12', 'previous months']]"
NCT00265473,"[['finding of blood glucose level', '<=', '3', 'past years'], ['finding of blood glucose level', '<', '50', 'mg/dl']]"
NCT00265473,"[['body mass index procedure', '>', '27', 'kg/m2'], ['body mass index procedure', '<=', '50', 'kg']]"
NCT00265473,"[['insulin requirement', '>', '0.8', 'iu/kg'], ['insulin requirement', '=', '50', 'iu/day']]"
NCT00265473,"[['hba1c', '>', '10', '%']]"
NCT00265473,"[['estimated glomerular filtration rate', '<', '70', 'ml/min/1.73 m2'], ['estimated glomerular filtration rate', '<', '80', 'ml/min/1.73 m2']]"
NCT00265473,"[['presence or history of macroalbuminuria', '>', '300', 'mg/d']]"
NCT00265473,"[['flow', '>', '20', '%']]"
NCT00265473,"[['positive pregnancy test', '=', '3', 'months']]"
NCT00265473,"[['intent to procreate during the duration of the study', '<', '3', 'months']]"
NCT00265473,"[['hyperlipidemia despite medical therapy', '>', '130', 'mg/dl']]"
NCT00265473,"[['fasting triglycerides', '>', '200', 'mg/dl']]"
NCT00265473,"[['use of any other investigational agents', '<', '4', 'weeks']]"
NCT00265473,"[['administration of live attenuated vaccine', '<', '2', 'months']]"
NCT00271284,"[['fasting blood sugar result', '<', '0.1', 'nmol'], ['fasting blood sugar result', '>=', '1.26', 'g/l'], ['fasting blood sugar result', '>=', '5', 'years']]"
NCT00271284,"[['treated', '>=', '6', 'months']]"
NCT00271284,"[['hba1c level', '<=', '8.5', '%']]"
NCT00271284,"[['able to eat', '=', '3', 'regular daily']]"
NCT00271284,"[['recent history of severe hypoglycaemia', '>=', '2', 'events'], ['recent history of severe hypoglycaemia', '<=', '6', 'months']]"
NCT00271284,"[['episode of acidocetosis', '<=', '3', 'months']]"
NCT00271284,"[['defined as having required treatment by surgery or photocoagulation', '<=', '6', 'months']]"
NCT00271284,"[['altered hepatic function', '>=', '2.5', '']]"
NCT00271284,"[['altered renal function', '>', '1.5', 'mg/dl']]"
NCT00271284,"[['history of cancer', '<=', '5', 'last years']]"
NCT00271284,"[['treatment by another product undergoing development', '<=', '3', 'months']]"
NCT00272090,"[['hba1c', '<=', '9', '%']]"
NCT00272090,"[['fasting c-peptide', '<=', '0.1', 'nmol/l'], ['fasting c-peptide', '>', '126', 'mg/dl']]"
NCT00272090,"[['body mass index procedure', '<', '30', 'kg/m2']]"
NCT00272090,"[['type', '=', '1', 'diabetic patients'], ['type', '>=', '1', 'iu/kg']]"
NCT00272090,"[['serum creatinine level', '>', '1.5', 'mg/dl']]"
NCT00272090,"[['long lasting', '>', '2', 'weeks']]"
NCT00272090,"[['blood donation', '>', '500', 'ml'], ['blood donation', '<=', '3', 'previous months'], ['blood donation', '=', '6', 'months']]"
NCT00272090,"[['smoker', '<=', '3', 'previous months']]"
NCT00272090,"[['receipt of an experimental drug or use of an experimental device', '<', '30', 'days']]"
NCT00273286,"[['age', '=', '9.0', ''], ['age', '<', '14.5', '']]"
NCT00273286,"[['diagnosed by ada criteria', '=', '1', 'year'], ['diagnosed by ada criteria', '=', '3', 'months']]"
NCT00273286,"[['insulin dose', '>=', '0.5', 'u/kg'], ['insulin dose', '=', '0.2', 'u/kg']]"
NCT00273286,"[['injections or use of insulin pump', '>=', '2', 'daily']]"
NCT00273286,"[['recent a1c', '>', '6.0', '%'], ['recent a1c', '<', '13.0', '%']]"
NCT00273286,"[['diagnosed', '<', '12.0', '%'], ['diagnosed', '<', '1', 'year']]"
NCT00273286,"[['child lives in geographically stable home', '<=', '2', 'next years']]"
NCT00273286,"[['adult caregivers have accompanied the child to every diabetes clinic visit in the past year', '=', '1', ''], ['adult caregivers have accompanied the child to every diabetes clinic visit in the past year', '=', '2', ''], ['adult caregivers have accompanied the child to every diabetes clinic visit in the past year', '>=', '1', '']]"
NCT00273286,"[['child', '>=', '2', ''], ['child', '=', '12', 'months']]"
NCT00273286,"[['parent and child willing to come to clinic', '=', '3', 'months'], ['parent and child willing to come to clinic', '=', '2', 'years']]"
NCT00273286,"[['history of anti-psychotic medications', '=', '6', 'past months']]"
NCT00273286,"[['psychological or psychoeducational intervention and concluded their study follow-up', '<', '12', 'past months']]"
NCT00273286,"[['family has plans to re-locate out of area', '<', '2', 'next years']]"
NCT00273286,"[['participating caretaker has been hospitalized', '<=', '6', 'past months']]"
NCT00273286,"[['psychological or psychoeducational intervention and concluded their study follow-up', '<', '12', 'past months']]"
NCT00273286,"[['family must reside', '<', '90', 'miles']]"
NCT00276250,"[['age', '>=', '18', 'years'], ['age', '<=', '65', 'years']]"
NCT00276250,"[['age', '<', '40', 'years'], ['age', '>', '5', 'years']]"
NCT00276250,"[['body mass index (bmi)', '<=', '26', '']]"
NCT00276250,"[['age', '>=', '18', 'years'], ['age', '<=', '65', 'years']]"
NCT00276250,"[['body weight', '<', '0.3', 'ng/ml'], ['body weight', '=', '6', 'ml/kg'], ['body weight', '=', '360', 'ml']]"
NCT00276250,"[['another product with equivalent caloric and nutrient content may be substituted for boost', '=', '90', 'min']]"
NCT00276250,"[['checking and recording blood sugars', '>=', '3', 'times/day']]"
NCT00276250,"[['management must be under the direction of an endocrinologist', '>=', '3', ''], ['management must be under the direction of an endocrinologist', '<=', '12', 'previous months']]"
NCT00276250,"[['finding of blood glucose level', '<=', '3', 'past years'], ['finding of blood glucose level', '<', '50', 'mg/dl'], ['finding of blood glucose level', '=', '2.8', 'mmol/l']]"
NCT00276250,"[['reduced awareness of hypoglycemia as defined by a clarke score', '>=', '4', ''], ['reduced awareness of hypoglycemia as defined by a clarke score', '<', '6', 'last months']]"
NCT00276250,"[['marked glycemic lability characterized by wide swings in blood glucose despite optimal diabetes therapy and defined by a glycemic lability index', '=', '433', ''], ['marked glycemic lability characterized by wide swings in blood glucose despite optimal diabetes therapy and defined by a glycemic lability index', '<', '6', 'last months']]"
NCT00276250,"[['composite of a clarke score', '>=', '4', ''], ['composite of a clarke score', '<', '6', 'last months']]"
NCT00276250,"[['left ventricular ejection fraction', '<', '30', '%']]"
NCT00276250,"[['heart rate', '<', '70', 'ml/min/1.73 m2'], ['heart rate', '<', '80', 'ml/min/1.73 m2'], ['heart rate', '=', '24', '']]"
NCT00276250,"[['clearance', '<', '85', 'ml/min'], ['clearance', '=', '1.73', 'm2']]"
NCT00276250,"[['urinary protein excretion rate', '>', '300', 'mg'], ['urinary protein excretion rate', '=', '24', 'h']]"
NCT00276250,"[['lymphopenia', '<', '1000', '/l'], ['lymphopenia', '<', '1500', '/l'], ['lymphopenia', '<', '100000', '/l']]"
NCT00276250,"[['fasting ldl cholesterol', '>', '130', 'mg/dl']]"
NCT00276250,"[['fasting triglycerides', '>', '300', 'mg/dl']]"
NCT00276250,"[['except squamous or basal cell skin carcinoma', '<', '5', 'previous years']]"
NCT00276250,"[['presence of hla panel reactive antibodies', '>', '20', '%']]"
NCT00276250,"[['evidence of insulin resistance', '>', '0.8', 'units/kg']]"
NCT00276250,"[['hyperlipidemia despite medical therapy', '>', '130', 'mg/dl']]"
NCT00276250,"[['fasting triglycerides', '>', '200', 'mg/dl']]"
NCT00276250,"[['use of any other investigational agents', '<', '4', 'weeks']]"
NCT00276250,"[['coagulopathy or medical condition requiring long-term anticoagulant therapy', '>', '1.5', 'inr']]"
NCT00276250,"[['positive pregnancy test', '=', '3', 'months']]"
NCT00276250,"[['intent to procreate during the duration of the study', '<', '3', 'months']]"
NCT00276393,"[['type 1 diabetes', '<', '7.8', '%']]"
NCT00278980,"[['subjects who have a duration of type 1 diabetes', '>', '5', 'yrs']]"
NCT00278980,"[['according to the criteria defined at the san antonio conference on diabetic neuropathy', '=', '1988', '']]"
NCT00279305,"[['ages', '>=', '8', 'years'], ['ages', '<=', '45', 'years']]"
NCT00279305,"[['stimulated c-peptide levels', '>=', '0.2', 'pmol/ml']]"
NCT00279305,"[['weigh', '>=', '25', 'kg']]"
NCT00279318,"[['age', '<', '4', 'months']]"
NCT00283218,"[['age', '=', '40', '']]"
NCT00283218,"[['total insulin demand', '>=', '0.5', 'iu/kg'], ['total insulin demand', '=', '24', '']]"
NCT00283218,"[['hba1c', '>=', '7', '%'], ['hba1c', '<=', '12', '%']]"
NCT00283218,"[['age', '>=', '18', 'years']]"
NCT00283218,"[['body mass index procedure', '>=', '18', 'kg/m2'], ['body mass index procedure', '<=', '35', 'kg/m2']]"
NCT00283218,"[['unstable angina pectoris', '<', '12', 'months']]"
NCT00283218,"[['pressure', '>', '180', 'mmhg'], ['pressure', '>', '110', 'mmhg']]"
NCT00283218,"[['impaired hepatic function corresponding to serum-alat or basic phosphatase', '>', '2', '']]"
NCT00283218,"[['impaired renal function corresponding to serum-creatinin', '>', '150', 'mol/l']]"
NCT00284232,"[['hba1c', '>=', '8', '%'], ['hba1c', '<', '1.5', '%']]"
NCT00284232,"[['age', '>=', '18', ''], ['age', '<=', '70', '']]"
NCT00284232,"[['stable weight', '<', '5', 'kg']]"
NCT00285194,"[['persistently poor glucose control', '>', '10', '%']]"
NCT00285194,"[['age', '>=', '18', '']]"
NCT00285194,"[['age', '<', '18', 'years']]"
NCT00285194,"[['body mass index procedure', '>', '26', 'kg/m2']]"
NCT00285194,"[['waist-to-hip ratio', '=', '0.80', ''], ['waist-to-hip ratio', '=', '0.95', '']]"
NCT00285194,"[['insulin requirement', '>', '0.7', 'iu/kg']]"
NCT00285194,"[['hba1c', '>', '12', '%']]"
NCT00285194,"[['urinary albumin excretion', '>', '300', 'mg'], ['urinary albumin excretion', '=', '24', '']]"
NCT00285194,"[['clearance', '>', '85', 'ml/min/1.73 m2'], ['clearance', '>', '95', 'ml/min/1.73 m2']]"
NCT00285194,"[['serum creatinine level', '>', '1.2', 'mg/dl']]"
NCT00285194,"[['presence of history of panel-reactive anti-hla antibodies', '>', '10', '%']]"
NCT00285194,"[['karnofsky performance score', '>', '70', '']]"
NCT00285194,"[['cygb gene', '>', '11.7', 'g/dl']]"
NCT00285194,"[['lymphopenia', '>', '1000', '/l'], ['lymphopenia', '>', '4000', ''], ['lymphopenia', '<', '500', '/l']]"
NCT00285194,"[['thrombocytopenia', '>', '150 x 109', '/l']]"
NCT00285194,"[['use of warfarin or other anticoagulant therapy', '>', '1.5', 'inr']]"
NCT00285194,"[['fasting ldl cholesterol', '>', '130', 'mg/dl']]"
NCT00285194,"[['fasting triglycerides', '>', '200', 'mg/dl']]"
NCT00285233,"[['persistently poor glucose control', '>', '10', '%']]"
NCT00285233,"[['age', '>=', '18', '']]"
NCT00285233,"[['presence of history of panel-reactive anti-hla antibodies', '>', '10', '%']]"
NCT00285233,"[['clearance', '<', '60', 'ml/min']]"
NCT00285233,"[['history of malignancy', '<', '5', 'years']]"
NCT00285233,"[['serological evidence of infection with hiv or hbsag or hcvab positive', '<', '12', 'previous months']]"
NCT00286624,"[['age', '>=', '18', '']]"
NCT00286624,"[['age', '<', '18', 'years']]"
NCT00286624,"[['body mass index procedure', '>', '26', 'kg/m2']]"
NCT00286624,"[['insulin requirement', '>', '50', 'iu/day']]"
NCT00286624,"[['clearance', '<', '60', 'ml/min/1.73 m2'], ['clearance', '=', '70', 'ml/min/1.73 m2']]"
NCT00286624,"[['serum creatinine level', '>', '1.3', 'mg/dl'], ['serum creatinine level', '>', '1.5', 'mg/dl']]"
NCT00286624,"[['presence of history of panel-reactive anti-hla antibodies', '>', '10', '%']]"
NCT00286624,"[['cygb gene', '<', '11.7', 'g/dl'], ['cygb gene', '<', '13', 'g/dl']]"
NCT00286624,"[['lymphopenia', '<', '1000', ''], ['lymphopenia', '<', '3000', ''], ['lymphopenia', '<', '500', '']]"
NCT00286624,"[['microl', '<', '150000', 'platelets']]"
NCT00286624,"[['history of coagulopathy or medical condition requiring long-term anticoagulant therapy after transplantation or patient', '>', '1.5', 'inr']]"
NCT00286624,"[['fasting ldl cholesterol', '>', '130', 'mg/dl']]"
NCT00286624,"[['fasting triglycerides', '>', '200', 'mg/dl']]"
NCT00286962,"[['intermediate', '>=', '7.5', '%'], ['intermediate', '>=', '5', 'incidents']]"
NCT00286962,"[['clearance', '>=', '150', 'micromol/l'], ['clearance', '<', '50', 'ml/min']]"
NCT00286962,"[['myocardial infarction', '<', '12', 'last months']]"
NCT00286962,"[['involving investigational products', '<', '30', 'days']]"
NCT00286962,"[['plans to engage in activities which require them to go', '<', '25', '']]"
NCT00290979,"[['men or women with type 1 diabetes mellitus', '>=', '6.0', ''], ['men or women with type 1 diabetes mellitus', '<=', '11.0', '%']]"
NCT00290979,"[['continuous insulin treatment at the date of informed consent', '>=', '1', 'year']]"
NCT00290979,"[['subjects who received an oral hypoglycemic agent other than insulin', '<', '4', 'weeks']]"
NCT00290979,"[['subjects who received oral or intravenous corticosteroid', '<', '4', 'weeks']]"
NCT00290979,"[['subjects who were treated with another investigational product', '<', '12', 'weeks']]"
NCT00290979,"[['female subjects of reproductive potential who have serum human chorionic gonadotropin', '>', '0.7', '']]"
NCT00290979,"[['subjects with diabetic retinopathy who received surgical treatments', '<', '24', 'weeks']]"
NCT00290979,"[['serum creatinine level', '<=', '80', 'iu/l'], ['serum creatinine level', '<=', '2.0', 'mg/dl']]"
NCT00291772,"[['age', '>=', '13', 'years'], ['age', '<=', '22', 'years']]"
NCT00291772,"[['diagnosed with diabetes', '>=', '1', 'year'], ['diagnosed with diabetes', '<=', '8.5', '%']]"
NCT00291772,"[['hemoglobin', '>=', '12', 'g/dl']]"
NCT00291772,"[['weight', '>', '44', 'kg']]"
NCT00291772,"[['age', '>', '23', 'years'], ['age', '<', '13', 'years']]"
NCT00291772,"[['hemoglobin', '<', '12', 'mg/dl']]"
NCT00291772,"[['cygb gene', '>', '8.5', '%']]"
NCT00291772,"[['body mass index procedure', '>', '90', '%'], ['age', '<', '10', '%']]"
NCT00291772,"[['weight', '<', '44', 'kg']]"
NCT00297401,"[['hemoglobin a1c', '>=', '6', '%'], ['hemoglobin a1c', '<=', '10', '%']]"
NCT00297401,"[['clearance', '>', '80', 'ml/minute'], ['urine albumin level', '>', '3.0', ''], ['albumin level', '>', '20', 'mg/mmol'], ['albumin level', '>', '28', 'mg/mmol']]"
NCT00297401,"[['laboratory results', '<=', '6', 'next months']]"
NCT00297401,"[['treated or intending to start treatment during the trial with excluded drugs', '>', '2', 'weeks'], ['treated or intending to start treatment during the trial with excluded drugs', '=', '3', '']]"
NCT00297401,"[['tobacco and nicotine products', '<', '48', 'hours']]"
NCT00297583,"[['defined by the world health organization', '>=', '2', 'years']]"
NCT00297583,"[['hba1c', '<=', '10.0', '%']]"
NCT00297583,"[['c-peptide', '<', '0.05', 'nmol/l']]"
NCT00297583,"[['body mass index procedure', '<=', '30', 'kg/m']]"
NCT00297583,"[['insulin or continuous subcutaneous insulin infusion', '>=', '3', 'months']]"
NCT00297583,"[['surgically sterile or postmenopausal', '>', '2', 'years']]"
NCT00297583,"[['receipt of any investigational drug', '<', '30', 'last days']]"
NCT00297583,"[['total daily insulin dose', '>=', '1.4', 'iu/kg']]"
NCT00297583,"[['serum insulin measurement', '>', '20', 'u/ml']]"
NCT00297583,"[['smokers', '>', '10', 'cigarettes/day']]"
NCT00297583,"[['defined by the application of focal or panretinal photocoagulation or vitrectomy', '<=', '6', 'months']]"
NCT00297583,"[['myocardial infarction', '<', '12', 'last months']]"
NCT00297583,"[['age', '>=', '2', 'times'], ['age', '>=', '1.5', 'times']]"
NCT00297583,"[['ferritin level', '<', '6.2', 'mmol/l'], ['ferritin level', '<', '34', 'ng/ml'], ['ferritin level', '<', '22', 'ng/ml'], ['ferritin level', '<', '13', 'ng/ml']]"
NCT00297583,"[['donation of blood', '>', '500', 'ml'], ['donation of blood', '<=', '3', 'previous months']]"
NCT00297635,"[['age', '>=', '18', 'years']]"
NCT00297635,"[['patients unwilling to perform', '>=', '4', '']]"
NCT00298740,"[['people with type 1 diabetes previously implanted with the minimed implantable pump model', '=', '2000', '']]"
NCT00298740,"[['anyone not previously implanted with the minimed implantable pump model', '=', '2000', '']]"
NCT00303134,"[['enrolling subjects must have type 1 diabetes mellitus', '>', '5', 'years']]"
NCT00303134,"[['management must be monitored in close cooperation with an endocrinologist or primary care physician', '<=', '12', 'previous months']]"
NCT00303134,"[['glucose level - finding', '<', '54', 'mg/dl']]"
NCT00303134,"[['characterized by two or more episodes of severe hypoglycemia and which is associated with a blood glucose', '<', '54', 'mg/dl']]"
NCT00303134,"[['retinopathya greater_equal of a three step progression using the early treatment diabetic retinopathy study', '=', '44', ''], ['retinopathya greater_equal of a three step progression using the early treatment diabetic retinopathy study', '=', '50', 'g/min'], ['retinopathya greater_equal of a three step progression using the early treatment diabetic retinopathy study', '=', '72', 'mg'], ['retinopathya greater_equal of a three step progression using the early treatment diabetic retinopathy study', '=', '24', 'h']]"
NCT00303134,"[['body mass index procedure', '>', '26', 'kg/m2']]"
NCT00303134,"[['c-peptide response to arginine stimulation', '=', '5', 'gm'], ['c-peptide response to arginine stimulation', '>=', '0.3', 'ng/ml'], ['c-peptide response to arginine stimulation', '=', '2', ''], ['c-peptide response to arginine stimulation', '=', '3', ''], ['c-peptide response to arginine stimulation', '=', '4', ''], ['c-peptide response to arginine stimulation', '=', '5', ''], ['c-peptide response to arginine stimulation', '=', '7', 'min'], ['c-peptide response to arginine stimulation', '=', '10', 'min']]"
NCT00303134,"[['age', '<', '18', 'years'], ['age', '>', '65', 'years']]"
NCT00303134,"[['clearance', '<', '80', 'ml/min/1.73 m2']]"
NCT00303134,"[['serum creatinine level', '>', '1.6', 'mg/dl']]"
NCT00303134,"[['albumin excretion rate measurement', '>', '300', 'mg'], ['albumin excretion rate measurement', '=', '24', 'h']]"
NCT00303134,"[['baseline hb', '<', '10.5', 'gm/dl'], ['baseline hb', '<', '13', 'gm/dl']]"
NCT00303134,"[['initial lft test panel with any values', '>', '1.5', 'times upper limits of normal']]"
NCT00303134,"[['re-test for any values between normal', '=', '1.5', 'times']]"
NCT00303134,"[['determined by demonstration of positive results for anti-hla antibodies using solid phase immunoassay with soluble hla class i molecules as a target or a general pra panel with reactivity', '>', '20', '%']]"
NCT00303134,"[['insulin requirement', '>', '0.7', 'iu/kg']]"
NCT00303134,"[['hba1c', '>', '12', '%']]"
NCT00303134,"[['inability to reach the study hospital for transplantation', '<', '24', '']]"
NCT00303134,"[['untreated hyperlipidemia', '>', '130', 'mg/dl'], ['untreated hyperlipidemia', '>', '200', 'mg/dl']]"
NCT00303134,"[['treated hyperlipidemia that is uncontrolled', '>', '130', 'mg/dl']]"
NCT00303134,"[['fasting triglycerides', '>', '200', 'mg/dl']]"
NCT00303134,"[['use of coumadin or other anticoagulant therapy', '>', '1.5', 'pt/inr']]"
NCT00304538,"[['age', '>=', '18', 'years'], ['age', '<=', '55', 'years'], ['age', '>', '10', 'years']]"
NCT00304538,"[['stable defined as total daily dose of insulin not changed', '>', '20', '%'], ['stable defined as total daily dose of insulin not changed', '=', '2', 'months']]"
NCT00304538,"[['glycosylated hemoglobin', '<=', '8.0', '%']]"
NCT00304538,"[['body weight', '<=', '1', 'unit/kg']]"
NCT00304538,"[['fasting c-peptide level', '<', '1.0', 'ng/ml'], ['fasting c-peptide level', '<', '330', 'pmol/l'], ['fasting c-peptide level', '<', '12', 'past months']]"
NCT00304538,"[['body mass index procedure', '<=', '25.5', 'kg/m2'], ['body weight', '=', '6', 'months'], ['body weight', '<', '5', '%']]"
NCT00304538,"[['finding of liver enzyme levels', '<', '2.5', 'times upper limit of normal'], ['finding of liver enzyme levels', '<', '1.6', 'mg/dl']]"
NCT00304538,"[['pressure', '=', '2', 'months']]"
NCT00304538,"[['participation in a clinical trial with or use of an investigational agent', '<', '30', 'days']]"
NCT00304538,"[['history of any malignancy', '<', '3', 'years']]"
NCT00305344,"[['fever', '>', '38.5', '']]"
NCT00306098,"[['age', '>=', '18', 'years'], ['age', '<=', '65', 'years']]"
NCT00306098,"[['patients with type 1 diabetes mellitus', '>', '5', 'years']]"
NCT00306098,"[['poor diabetes control', '>', '8', '%'], ['poor diabetes control', '>', '2', '%']]"
NCT00306098,"[['body mass index procedure', '<=', '26', '']]"
NCT00306098,"[['c-peptide', '>', '0.3', 'ng/ml']]"
NCT00306098,"[['hba1c', '>', '12', '%']]"
NCT00306098,"[['clearance', '<', '60', '']]"
NCT00306098,"[['serum creatinine level', '>', '1.6', 'mg/dl']]"
NCT00306098,"[['macroalbuminuria', '>', '300', 'mg'], ['macroalbuminuria', '<=', '24', 'hours']]"
NCT00306098,"[['presence of panel reactive antibodies', '>', '20', '%']]"
NCT00306098,"[['hemoglobin', '<', '12.0', '']]"
NCT00306098,"[['fasting serum triglycerides', '>', '200', 'mg/dl'], ['fasting serum triglycerides', '>', '240', 'mg/dl'], ['fasting serum triglycerides', '>', '140', 'mg/dl']]"
NCT00306098,"[['body mass index procedure', '>', '26', '']]"
NCT00306098,"[['prostate specific antigen', '>', '4', '']]"
NCT00306098,"[['substance abuse or smoking', '<', '6', 'previous months']]"
NCT00306098,"[['insulin requirement', '>', '1', 'u/kg']]"
